event_id,person_id,location_id,timestamp,event_type,source_record_id
PLE001,P015,LOC17,2026-03-10T12:00:00Z,visited,
PLE002,P030,LOC17,2026-03-12T15:30:00Z,observed,
PLE003,P022,LOC02,2026-04-11T09:00:00Z,observed,
PLE004,P022,LOC07,2026-04-12T10:00:00Z,visited,
PLE005,P022,LOC10,2026-04-13T11:00:00Z,entered,
PLE006,P022,LOC16,2026-04-14T12:00:00Z,entered,
PLE007,P022,LOC18,2026-04-15T13:00:00Z,visited,
PLE008,P001,LOC01,2026-01-25T15:10:00Z,entered,
PLE009,P002,LOC01,2026-06-17T18:14:00Z,associated,
PLE010,P002,LOC03,2026-06-15T12:51:00Z,observed,
PLE011,P003,LOC01,2026-03-19T15:47:00Z,observed,
PLE012,P003,LOC02,2026-03-24T10:01:00Z,exited,
PLE013,P003,LOC02,2026-02-13T10:16:00Z,exited,
PLE014,P004,LOC03,2026-06-03T11:56:00Z,associated,
PLE015,P004,LOC02,2026-06-22T10:53:00Z,associated,
PLE016,P005,LOC02,2026-04-04T17:17:00Z,exited,
PLE017,P005,LOC03,2026-03-06T16:00:00Z,exited,
PLE018,P006,LOC02,2026-05-14T10:06:00Z,observed,
PLE019,P007,LOC03,2026-06-12T10:52:00Z,entered,
PLE020,P007,LOC02,2026-04-11T11:21:00Z,entered,
PLE021,P008,LOC02,2026-06-21T18:50:00Z,observed,
PLE022,P008,LOC03,2026-04-27T11:18:00Z,associated,
PLE023,P008,LOC01,2026-02-18T09:59:00Z,entered,
PLE024,P009,LOC02,2026-01-14T15:30:00Z,entered,
PLE025,P009,LOC01,2026-01-22T13:26:00Z,observed,
PLE026,P009,LOC03,2026-02-07T16:23:00Z,observed,
PLE027,P010,LOC16,2026-01-17T08:23:00Z,entered,
PLE028,P011,LOC05,2026-01-04T12:46:00Z,associated,
PLE029,P011,LOC04,2026-02-11T11:43:00Z,entered,
PLE030,P012,LOC16,2026-01-26T18:32:00Z,entered,
PLE031,P012,LOC06,2026-06-24T18:21:00Z,entered,
PLE032,P012,LOC06,2026-05-27T08:44:00Z,observed,
PLE033,P013,LOC05,2026-02-20T16:07:00Z,entered,
PLE034,P013,LOC06,2026-06-03T08:30:00Z,associated,
PLE035,P014,LOC16,2026-02-18T17:12:00Z,exited,
PLE036,P014,LOC16,2026-02-08T09:50:00Z,associated,
PLE037,P015,LOC06,2026-06-01T10:52:00Z,observed,
PLE038,P015,LOC05,2026-02-08T15:44:00Z,exited,
PLE039,P016,LOC05,2026-05-14T14:29:00Z,observed,
PLE040,P017,LOC17,2026-06-15T08:08:00Z,associated,
PLE041,P018,LOC05,2026-03-10T18:18:00Z,exited,
PLE042,P018,LOC17,2026-04-06T09:38:00Z,entered,
PLE043,P019,LOC07,2026-04-05T08:13:00Z,visited,
PLE044,P020,LOC08,2026-03-14T09:11:00Z,observed,
PLE045,P021,LOC08,2026-01-15T12:48:00Z,associated,
PLE046,P022,LOC07,2026-02-24T10:15:00Z,observed,
PLE047,P022,LOC07,2026-03-03T18:27:00Z,observed,
PLE048,P023,LOC07,2026-01-11T08:18:00Z,exited,
PLE049,P023,LOC07,2026-01-08T13:38:00Z,visited,
PLE050,P023,LOC08,2026-05-25T18:44:00Z,associated,
PLE051,P024,LOC18,2026-06-13T11:19:00Z,observed,
PLE052,P024,LOC18,2026-05-17T14:36:00Z,observed,
PLE053,P025,LOC09,2026-01-03T08:48:00Z,observed,
PLE054,P025,LOC09,2026-03-08T13:25:00Z,visited,
PLE055,P026,LOC08,2026-03-03T09:05:00Z,observed,
PLE056,P026,LOC07,2026-06-06T11:18:00Z,exited,
PLE057,P027,LOC08,2026-01-06T16:34:00Z,visited,
PLE058,P028,LOC12,2026-02-20T11:50:00Z,observed,
PLE059,P028,LOC10,2026-03-01T14:48:00Z,visited,
PLE060,P028,LOC10,2026-01-04T18:43:00Z,exited,
PLE061,P029,LOC11,2026-05-16T08:51:00Z,entered,
PLE062,P030,LOC11,2026-02-10T10:42:00Z,exited,
PLE063,P030,LOC10,2026-05-26T10:06:00Z,associated,
PLE064,P030,LOC10,2026-03-22T18:03:00Z,entered,
PLE065,P031,LOC10,2026-01-21T09:58:00Z,entered,
PLE066,P031,LOC10,2026-05-09T14:46:00Z,visited,
PLE067,P031,LOC12,2026-02-22T09:39:00Z,entered,
PLE068,P032,LOC11,2026-04-14T14:27:00Z,associated,
PLE069,P032,LOC11,2026-04-05T14:27:00Z,entered,
PLE070,P032,LOC11,2026-05-26T13:27:00Z,visited,
PLE071,P033,LOC11,2026-05-10T19:16:00Z,exited,
PLE072,P033,LOC10,2026-05-27T14:27:00Z,associated,
PLE073,P034,LOC10,2026-02-23T10:10:00Z,observed,
PLE074,P035,LOC10,2026-05-17T09:21:00Z,exited,
PLE075,P036,LOC11,2026-03-20T17:18:00Z,observed,
PLE076,P036,LOC11,2026-05-13T19:57:00Z,associated,
PLE077,P036,LOC10,2026-02-03T17:18:00Z,visited,
PLE078,P037,LOC13,2026-05-11T09:12:00Z,entered,
PLE079,P038,LOC14,2026-04-23T16:36:00Z,observed,
PLE080,P038,LOC13,2026-06-25T08:15:00Z,visited,
PLE081,P039,LOC15,2026-01-01T17:21:00Z,observed,
PLE082,P039,LOC15,2026-06-10T08:42:00Z,associated,
PLE083,P040,LOC13,2026-04-02T16:01:00Z,exited,
PLE084,P040,LOC15,2026-02-26T16:10:00Z,exited,
PLE085,P041,LOC14,2026-04-09T15:37:00Z,observed,
PLE086,P042,LOC13,2026-06-23T19:16:00Z,exited,
PLE087,P043,LOC14,2026-03-13T08:26:00Z,associated,
PLE088,P043,LOC13,2026-02-25T11:11:00Z,entered,
PLE089,P043,LOC15,2026-03-03T11:43:00Z,exited,
PLE090,P044,LOC15,2026-06-02T11:46:00Z,visited,
PLE091,P044,LOC15,2026-04-06T16:59:00Z,associated,
PLE092,P044,LOC14,2026-03-11T13:31:00Z,visited,
PLE093,P045,LOC13,2026-05-12T19:19:00Z,entered,
