person_id,full_name,aliases,age,gender,city,occupation,organization_id,risk_context,created_at
P001,Sneha Chawla,,44,female,Noida,mechanic,ORG02,associate,2026-01-02T10:24:47.000Z
P002,Anirudh Naidu,,43,male,Noida,driver,,unknown,2026-01-02T14:07:58.000Z
P003,Garima Bhattacharya,Guddu,36,female,Noida,freelancer,ORG01,person_of_interest,2026-01-02T18:22:49.000Z
P004,Omkar Rajagopalan,Bunty,49,male,Noida,mechanic,,complainant,2026-01-02T21:02:34.000Z
P005,Rashi Unnikrishnan,,32,female,Noida,technician,ORG02,witness,2026-01-02T23:19:31.000Z
P006,Sanjit Ansari,,39,male,Noida,technician,ORG01,witness,2026-01-03T02:34:27.000Z
P007,Monika Vaidyanathan,,34,female,Noida,delivery_agent,ORG02,unknown,2026-01-03T08:29:32.000Z
P008,Sudhir Bansal,,43,male,Noida,homemaker,ORG01,associate,2026-01-03T14:12:34.000Z
P009,Mandira Raina,Pappu,42,female,Noida,delivery_agent,ORG02,unknown,2026-01-03T17:10:52.000Z
P010,Manav Kelkar,,21,male,Delhi,shopkeeper,ORG04,person_of_interest,2026-01-03T18:19:17.000Z
P011,Surekha Bhardwaj,Bhai,55,female,Delhi,technician,ORG03,witness,2026-01-03T22:44:40.000Z
P012,Vihaan Dutta,Chintu,33,male,Delhi,electrician,,witness,2026-01-04T02:28:52.000Z
P013,Parineeti Gupta,,45,female,Delhi,delivery_agent,,witness,2026-01-04T06:45:11.000Z
P014,Anand Khanna,,31,male,Delhi,trader,,complainant,2026-01-04T10:57:04.000Z
P015,Sonali Raghavan,,43,female,Delhi,mechanic,,person_of_interest,2026-01-04T13:54:06.000Z
P016,Mayank Upadhyay,Rocky,42,male,Delhi,salesperson,ORG02,complainant,2026-01-04T19:47:14.000Z
P017,Payal Menon,,28,female,Delhi,security_guard,,unknown,2026-01-04T21:47:28.000Z
P018,Uday Sanyal,,34,male,Delhi,clerk,ORG03,complainant,2026-01-05T03:11:49.000Z
P019,Konkona Shankar,,47,female,Gurugram,shop_owner,,person_of_interest,2026-01-05T04:56:31.000Z
P020,Shailesh Arora,Sonu,38,male,Gurugram,shopkeeper,,unknown,2026-01-05T07:57:19.000Z
P021,Shalini Gopalan,,50,female,Gurugram,freelancer,ORG05,complainant,2026-01-05T10:48:38.000Z
P022,Ajay Kumar,,62,male,Gurugram,technician,ORG06,complainant,2026-01-05T13:02:57.000Z
P023,Neerja Choudhury,,36,female,Gurugram,electrician,,unknown,2026-01-05T14:48:41.000Z
P024,Vinay Mohapatra,,37,male,Gurugram,freelancer,ORG06,unknown,2026-01-05T20:36:53.000Z
P025,Konkana Saini,Lucky,36,female,Gurugram,student,,associate,2026-01-06T01:01:19.000Z
P026,Madhav Pandey,,30,male,Gurugram,teacher,,complainant,2026-01-06T02:16:45.000Z
P027,Kali Banerjee,,36,female,Gurugram,shopkeeper,ORG06,associate,2026-01-06T04:37:41.000Z
P028,Suraj Kulkarni,Tinku,52,male,Ghaziabad,office_assistant,ORG08,witness,2026-01-06T07:25:03.000Z
P029,Dia Mehta,,24,female,Ghaziabad,shopkeeper,ORG08,unknown,2026-01-06T12:52:29.000Z
P030,Akash Swamy,Monty,31,male,Ghaziabad,driver,ORG07,associate,2026-01-06T19:17:31.000Z
P031,Esha Gopalakrishnan,,29,female,Ghaziabad,delivery_agent,ORG07,person_of_interest,2026-01-07T01:49:30.000Z
P032,Himanshu Anantharaman,,29,male,Ghaziabad,homemaker,,unknown,2026-01-07T08:45:17.000Z
P033,Kareena Bhandari,,23,female,Ghaziabad,driver,,associate,2026-01-07T12:32:54.000Z
P034,Mahesh Subramaniam,,40,male,Ghaziabad,driver,,person_of_interest,2026-01-07T14:12:39.000Z
P035,Divya Subramanian,,42,female,Ghaziabad,shopkeeper,,person_of_interest,2026-01-07T15:31:14.000Z
P036,Krishna Vohra,,27,male,Ghaziabad,salesperson,ORG08,person_of_interest,2026-01-07T20:57:24.000Z
P037,Geeta Behera,,25,female,Faridabad,electrician,ORG10,unknown,2026-01-08T03:25:08.000Z
P038,Umesh Gokhale,,31,male,Faridabad,driver,ORG10,associate,2026-01-08T08:15:12.000Z
P039,Madhavi Mohammad,,52,female,Faridabad,freelancer,ORG09,associate,2026-01-08T09:23:12.000Z
P040,Kartik Tiwari,,44,male,Faridabad,mechanic,ORG10,person_of_interest,2026-01-08T11:45:28.000Z
P041,Archana Chatterjee,,30,female,Faridabad,security_guard,,complainant,2026-01-08T13:46:42.000Z
P042,Pratik Krishnamurthy,,30,male,Faridabad,security_guard,ORG09,complainant,2026-01-08T15:18:48.000Z
P043,Tarini Gupta,,28,female,Faridabad,laborer,ORG10,complainant,2026-01-08T20:34:12.000Z
P044,Chandan Dhawan,,50,male,Faridabad,homemaker,ORG09,person_of_interest,2026-01-09T00:36:06.000Z
P045,Leela Aggarwal,,36,female,Faridabad,laborer,ORG09,unknown,2026-01-09T05:01:09.000Z
